{
  "24": [
    {
      "address": 5119,
      "soundIdx": 1,
      "instrumentIdx": 6
    },
    {
      "address": 5125,
      "soundIdx": 2,
      "instrumentIdx": 6
    },
    {
      "address": 5131,
      "soundIdx": 3,
      "instrumentIdx": 6
    },
    {
      "address": 5144,
      "soundIdx": 4,
      "instrumentIdx": 6
    },
    {
      "address": 5151,
      "soundIdx": 5,
      "instrumentIdx": 6
    },
    {
      "address": 5161,
      "soundIdx": 6,
      "instrumentIdx": 3
    },
    {
      "address": 5161,
      "soundIdx": 6,
      "instrumentIdx": 6
    },
    {
      "address": 5184,
      "soundIdx": 7,
      "instrumentIdx": 3
    },
    {
      "address": 5271,
      "soundIdx": 7,
      "instrumentIdx": 6
    },
    {
      "address": 5355,
      "soundIdx": 9,
      "instrumentIdx": 3
    },
    {
      "address": 5356,
      "soundIdx": 9,
      "instrumentIdx": 6
    },
    {
      "address": 5365,
      "soundIdx": 11,
      "instrumentIdx": 3
    },
    {
      "address": 5380,
      "soundIdx": 11,
      "instrumentIdx": 6
    },
    {
      "address": 6670,
      "soundIdx": 37,
      "instrumentIdx": 6
    },
    {
      "address": 6676,
      "soundIdx": 32,
      "instrumentIdx": 6
    },
    {
      "address": 5400,
      "soundIdx": 28,
      "instrumentIdx": 3
    },
    {
      "address": 5418,
      "soundIdx": 12,
      "instrumentIdx": 3
    },
    {
      "address": 5469,
      "soundIdx": 12,
      "instrumentIdx": 6
    },
    {
      "address": 5493,
      "soundIdx": 52,
      "instrumentIdx": 6
    },
    {
      "address": 5566,
      "soundIdx": 19,
      "instrumentIdx": 6
    },
    {
      "address": 5577,
      "soundIdx": 20,
      "instrumentIdx": 6
    },
    {
      "address": 5587,
      "soundIdx": 21,
      "instrumentIdx": 6
    },
    {
      "address": 5600,
      "soundIdx": 22,
      "instrumentIdx": 3
    },
    {
      "address": 5632,
      "soundIdx": 22,
      "instrumentIdx": 6
    },
    {
      "address": 5656,
      "soundIdx": 23,
      "instrumentIdx": 3
    },
    {
      "address": 5744,
      "soundIdx": 44,
      "instrumentIdx": 3
    },
    {
      "address": 5779,
      "soundIdx": 24,
      "instrumentIdx": 3
    },
    {
      "address": 5813,
      "soundIdx": 27,
      "instrumentIdx": 3
    },
    {
      "address": 6103,
      "soundIdx": 34,
      "instrumentIdx": 6
    },
    {
      "address": 6123,
      "soundIdx": 35,
      "instrumentIdx": 6
    },
    {
      "address": 5162,
      "soundIdx": 10,
      "instrumentIdx": 3
    },
    {
      "address": 6443,
      "soundIdx": 41,
      "instrumentIdx": 3
    },
    {
      "address": 6455,
      "soundIdx": 41,
      "instrumentIdx": 6
    },
    {
      "address": 5522,
      "soundIdx": 51,
      "instrumentIdx": 3
    },
    {
      "address": 5523,
      "soundIdx": 51,
      "instrumentIdx": 6
    },
    {
      "address": 5832,
      "soundIdx": 39,
      "instrumentIdx": 3
    },
    {
      "address": 5859,
      "soundIdx": 39,
      "instrumentIdx": 6
    },
    {
      "address": 5877,
      "soundIdx": 43,
      "instrumentIdx": 3
    },
    {
      "address": 5892,
      "soundIdx": 43,
      "instrumentIdx": 6
    },
    {
      "address": 5901,
      "soundIdx": 40,
      "instrumentIdx": 3
    },
    {
      "address": 5934,
      "soundIdx": 40,
      "instrumentIdx": 6
    },
    {
      "address": 6464,
      "soundIdx": 42,
      "instrumentIdx": 3
    },
    {
      "address": 6515,
      "soundIdx": 42,
      "instrumentIdx": 6
    },
    {
      "address": 5942,
      "soundIdx": 45,
      "instrumentIdx": 6
    },
    {
      "address": 5983,
      "soundIdx": 46,
      "instrumentIdx": 6
    },
    {
      "address": 6008,
      "soundIdx": 73,
      "instrumentIdx": 3
    },
    {
      "address": 6040,
      "soundIdx": 47,
      "instrumentIdx": 3
    },
    {
      "address": 6085,
      "soundIdx": 47,
      "instrumentIdx": 6
    },
    {
      "address": 6142,
      "soundIdx": 48,
      "instrumentIdx": 6
    },
    {
      "address": 6162,
      "soundIdx": 49,
      "instrumentIdx": 6
    },
    {
      "address": 6177,
      "soundIdx": 36,
      "instrumentIdx": 3
    },
    {
      "address": 6227,
      "soundIdx": 36,
      "instrumentIdx": 6
    },
    {
      "address": 6234,
      "soundIdx": 60,
      "instrumentIdx": 3
    },
    {
      "address": 6254,
      "soundIdx": 29,
      "instrumentIdx": 6
    },
    {
      "address": 6283,
      "soundIdx": 33,
      "instrumentIdx": 3
    },
    {
      "address": 6284,
      "soundIdx": 33,
      "instrumentIdx": 6
    },
    {
      "address": 6283,
      "soundIdx": 30,
      "instrumentIdx": 3
    },
    {
      "address": 6284,
      "soundIdx": 30,
      "instrumentIdx": 6
    },
    {
      "address": 6328,
      "soundIdx": 31,
      "instrumentIdx": 6
    },
    {
      "address": 7440,
      "soundIdx": 53,
      "instrumentIdx": 3
    },
    {
      "address": 6284,
      "soundIdx": 53,
      "instrumentIdx": 6
    },
    {
      "address": 6339,
      "soundIdx": 18,
      "instrumentIdx": 3
    },
    {
      "address": 6349,
      "soundIdx": 18,
      "instrumentIdx": 6
    },
    {
      "address": 6369,
      "soundIdx": 54,
      "instrumentIdx": 3
    },
    {
      "address": 6536,
      "soundIdx": 55,
      "instrumentIdx": 3
    },
    {
      "address": 6587,
      "soundIdx": 55,
      "instrumentIdx": 6
    },
    {
      "address": 6608,
      "soundIdx": 56,
      "instrumentIdx": 3
    },
    {
      "address": 6609,
      "soundIdx": 56,
      "instrumentIdx": 6
    },
    {
      "address": 6636,
      "soundIdx": 8,
      "instrumentIdx": 3
    },
    {
      "address": 6658,
      "soundIdx": 50,
      "instrumentIdx": 6
    },
    {
      "address": 6536,
      "soundIdx": 57,
      "instrumentIdx": 3
    },
    {
      "address": 6587,
      "soundIdx": 57,
      "instrumentIdx": 6
    },
    {
      "address": 6682,
      "soundIdx": 15,
      "instrumentIdx": 3
    },
    {
      "address": 6702,
      "soundIdx": 15,
      "instrumentIdx": 6
    },
    {
      "address": 6703,
      "soundIdx": 58,
      "instrumentIdx": 3
    },
    {
      "address": 6715,
      "soundIdx": 58,
      "instrumentIdx": 6
    },
    {
      "address": 6414,
      "soundIdx": 17,
      "instrumentIdx": 3
    },
    {
      "address": 6424,
      "soundIdx": 17,
      "instrumentIdx": 6
    },
    {
      "address": 6733,
      "soundIdx": 59,
      "instrumentIdx": 3
    },
    {
      "address": 6745,
      "soundIdx": 59,
      "instrumentIdx": 6
    },
    {
      "address": 6763,
      "soundIdx": 38,
      "instrumentIdx": 6
    },
    {
      "address": 6803,
      "soundIdx": 13,
      "instrumentIdx": 3
    },
    {
      "address": 6820,
      "soundIdx": 14,
      "instrumentIdx": 6
    },
    {
      "address": 6858,
      "soundIdx": 61,
      "instrumentIdx": 3
    },
    {
      "address": 6878,
      "soundIdx": 61,
      "instrumentIdx": 6
    },
    {
      "address": 7148,
      "soundIdx": 67,
      "instrumentIdx": 3
    },
    {
      "address": 7167,
      "soundIdx": 67,
      "instrumentIdx": 6
    },
    {
      "address": 6884,
      "soundIdx": 70,
      "instrumentIdx": 3
    },
    {
      "address": 7294,
      "soundIdx": 62,
      "instrumentIdx": 3
    },
    {
      "address": 7295,
      "soundIdx": 62,
      "instrumentIdx": 6
    },
    {
      "address": 7320,
      "soundIdx": 26,
      "instrumentIdx": 3
    },
    {
      "address": 7358,
      "soundIdx": 25,
      "instrumentIdx": 3
    },
    {
      "address": 7398,
      "soundIdx": 63,
      "instrumentIdx": 3
    },
    {
      "address": 7399,
      "soundIdx": 63,
      "instrumentIdx": 6
    },
    {
      "address": 7004,
      "soundIdx": 64,
      "instrumentIdx": 3
    },
    {
      "address": 7028,
      "soundIdx": 16,
      "instrumentIdx": 3
    },
    {
      "address": 7065,
      "soundIdx": 16,
      "instrumentIdx": 6
    },
    {
      "address": 7066,
      "soundIdx": 65,
      "instrumentIdx": 3
    },
    {
      "address": 7119,
      "soundIdx": 66,
      "instrumentIdx": 6
    },
    {
      "address": 7192,
      "soundIdx": 72,
      "instrumentIdx": 3
    },
    {
      "address": 7259,
      "soundIdx": 72,
      "instrumentIdx": 6
    },
    {
      "address": 7486,
      "soundIdx": 68,
      "instrumentIdx": 3
    },
    {
      "address": 7513,
      "soundIdx": 68,
      "instrumentIdx": 6
    },
    {
      "address": 7530,
      "soundIdx": 69,
      "instrumentIdx": 3
    },
    {
      "address": 7559,
      "soundIdx": 71,
      "instrumentIdx": 3
    },
    {
      "address": 7596,
      "soundIdx": 71,
      "instrumentIdx": 6
    },
    {
      "address": 5702,
      "soundIdx": 74,
      "instrumentIdx": 3
    },
    {
      "address": 5541,
      "soundIdx": 75,
      "instrumentIdx": 3
    },
    {
      "address": 5565,
      "soundIdx": 75,
      "instrumentIdx": 6
    },
    {
      "address": 7620,
      "soundIdx": 76,
      "instrumentIdx": 3
    },
    {
      "address": 7688,
      "soundIdx": 77,
      "instrumentIdx": 3
    }
  ],
  "10": [
    {
      "address": 1886,
      "soundIdx": 78,
      "instrumentIdx": 0
    },
    {
      "address": 1910,
      "soundIdx": 78,
      "instrumentIdx": 1
    },
    {
      "address": 1933,
      "soundIdx": 78,
      "instrumentIdx": 2
    },
    {
      "address": 1950,
      "soundIdx": 78,
      "instrumentIdx": 5
    },
    {
      "address": 1964,
      "soundIdx": 79,
      "instrumentIdx": 0
    },
    {
      "address": 2687,
      "soundIdx": 79,
      "instrumentIdx": 1
    },
    {
      "address": 3189,
      "soundIdx": 79,
      "instrumentIdx": 2
    },
    {
      "address": 3651,
      "soundIdx": 79,
      "instrumentIdx": 5
    },
    {
      "address": 4030,
      "soundIdx": 80,
      "instrumentIdx": 0
    },
    {
      "address": 4484,
      "soundIdx": 80,
      "instrumentIdx": 1
    },
    {
      "address": 4892,
      "soundIdx": 80,
      "instrumentIdx": 2
    },
    {
      "address": 5284,
      "soundIdx": 80,
      "instrumentIdx": 5
    },
    {
      "address": 5494,
      "soundIdx": 81,
      "instrumentIdx": 0
    },
    {
      "address": 5885,
      "soundIdx": 81,
      "instrumentIdx": 1
    },
    {
      "address": 6248,
      "soundIdx": 81,
      "instrumentIdx": 2
    },
    {
      "address": 6509,
      "soundIdx": 81,
      "instrumentIdx": 5
    },
    {
      "address": 6659,
      "soundIdx": 82,
      "instrumentIdx": 0
    },
    {
      "address": 7003,
      "soundIdx": 82,
      "instrumentIdx": 1
    },
    {
      "address": 7373,
      "soundIdx": 82,
      "instrumentIdx": 2
    },
    {
      "address": 7681,
      "soundIdx": 82,
      "instrumentIdx": 5
    },
    {
      "address": 7682,
      "soundIdx": 83,
      "instrumentIdx": 0
    },
    {
      "address": 8166,
      "soundIdx": 83,
      "instrumentIdx": 1
    },
    {
      "address": 8519,
      "soundIdx": 83,
      "instrumentIdx": 2
    },
    {
      "address": 8674,
      "soundIdx": 83,
      "instrumentIdx": 5
    },
    {
      "address": 8675,
      "soundIdx": 84,
      "instrumentIdx": 0
    },
    {
      "address": 9013,
      "soundIdx": 84,
      "instrumentIdx": 1
    },
    {
      "address": 9414,
      "soundIdx": 84,
      "instrumentIdx": 2
    },
    {
      "address": 9764,
      "soundIdx": 84,
      "instrumentIdx": 5
    },
    {
      "address": 9970,
      "soundIdx": 85,
      "instrumentIdx": 0
    },
    {
      "address": 10824,
      "soundIdx": 85,
      "instrumentIdx": 1
    },
    {
      "address": 11461,
      "soundIdx": 85,
      "instrumentIdx": 2
    },
    {
      "address": 11690,
      "soundIdx": 85,
      "instrumentIdx": 5
    },
    {
      "address": 11836,
      "soundIdx": 86,
      "instrumentIdx": 0
    },
    {
      "address": 12256,
      "soundIdx": 86,
      "instrumentIdx": 1
    },
    {
      "address": 12621,
      "soundIdx": 86,
      "instrumentIdx": 2
    },
    {
      "address": 12801,
      "soundIdx": 86,
      "instrumentIdx": 5
    },
    {
      "address": 13005,
      "soundIdx": 87,
      "instrumentIdx": 0
    },
    {
      "address": 13174,
      "soundIdx": 87,
      "instrumentIdx": 1
    },
    {
      "address": 13326,
      "soundIdx": 87,
      "instrumentIdx": 2
    },
    {
      "address": 13428,
      "soundIdx": 87,
      "instrumentIdx": 5
    },
    {
      "address": 11836,
      "soundIdx": 89,
      "instrumentIdx": 0
    },
    {
      "address": 12256,
      "soundIdx": 89,
      "instrumentIdx": 1
    },
    {
      "address": 12621,
      "soundIdx": 89,
      "instrumentIdx": 2
    },
    {
      "address": 12801,
      "soundIdx": 89,
      "instrumentIdx": 5
    },
    {
      "address": 8675,
      "soundIdx": 90,
      "instrumentIdx": 0
    },
    {
      "address": 9013,
      "soundIdx": 90,
      "instrumentIdx": 1
    },
    {
      "address": 9414,
      "soundIdx": 90,
      "instrumentIdx": 2
    },
    {
      "address": 9764,
      "soundIdx": 90,
      "instrumentIdx": 5
    },
    {
      "address": 14242,
      "soundIdx": 103,
      "instrumentIdx": 0
    },
    {
      "address": 14281,
      "soundIdx": 103,
      "instrumentIdx": 1
    },
    {
      "address": 14360,
      "soundIdx": 103,
      "instrumentIdx": 2
    },
    {
      "address": 14384,
      "soundIdx": 103,
      "instrumentIdx": 5
    },
    {
      "address": 13429,
      "soundIdx": 105,
      "instrumentIdx": 0
    },
    {
      "address": 13802,
      "soundIdx": 105,
      "instrumentIdx": 1
    },
    {
      "address": 13969,
      "soundIdx": 105,
      "instrumentIdx": 2
    },
    {
      "address": 14153,
      "soundIdx": 105,
      "instrumentIdx": 5
    }
  ],
  "8": [
    {
      "address": 2249,
      "soundIdx": 88,
      "instrumentIdx": 0
    },
    {
      "address": 2607,
      "soundIdx": 88,
      "instrumentIdx": 1
    },
    {
      "address": 3005,
      "soundIdx": 88,
      "instrumentIdx": 2
    },
    {
      "address": 3163,
      "soundIdx": 88,
      "instrumentIdx": 5
    },
    {
      "address": 3347,
      "soundIdx": 91,
      "instrumentIdx": 0
    },
    {
      "address": 3640,
      "soundIdx": 91,
      "instrumentIdx": 1
    },
    {
      "address": 3812,
      "soundIdx": 91,
      "instrumentIdx": 2
    },
    {
      "address": 3982,
      "soundIdx": 91,
      "instrumentIdx": 5
    },
    {
      "address": 4134,
      "soundIdx": 92,
      "instrumentIdx": 0
    },
    {
      "address": 4655,
      "soundIdx": 92,
      "instrumentIdx": 1
    },
    {
      "address": 4997,
      "soundIdx": 92,
      "instrumentIdx": 2
    },
    {
      "address": 5240,
      "soundIdx": 92,
      "instrumentIdx": 5
    },
    {
      "address": 11359,
      "soundIdx": 93,
      "instrumentIdx": 0
    },
    {
      "address": 11418,
      "soundIdx": 93,
      "instrumentIdx": 1
    },
    {
      "address": 11486,
      "soundIdx": 93,
      "instrumentIdx": 2
    },
    {
      "address": 11531,
      "soundIdx": 93,
      "instrumentIdx": 5
    },
    {
      "address": 5410,
      "soundIdx": 94,
      "instrumentIdx": 0
    },
    {
      "address": 6086,
      "soundIdx": 94,
      "instrumentIdx": 1
    },
    {
      "address": 6562,
      "soundIdx": 94,
      "instrumentIdx": 2
    },
    {
      "address": 6766,
      "soundIdx": 94,
      "instrumentIdx": 5
    },
    {
      "address": 7411,
      "soundIdx": 95,
      "instrumentIdx": 0
    },
    {
      "address": 7832,
      "soundIdx": 95,
      "instrumentIdx": 1
    },
    {
      "address": 8226,
      "soundIdx": 95,
      "instrumentIdx": 2
    },
    {
      "address": 8421,
      "soundIdx": 95,
      "instrumentIdx": 5
    },
    {
      "address": 8573,
      "soundIdx": 96,
      "instrumentIdx": 0
    },
    {
      "address": 8963,
      "soundIdx": 96,
      "instrumentIdx": 1
    },
    {
      "address": 9463,
      "soundIdx": 96,
      "instrumentIdx": 2
    },
    {
      "address": 9609,
      "soundIdx": 96,
      "instrumentIdx": 5
    },
    {
      "address": 9816,
      "soundIdx": 97,
      "instrumentIdx": 0
    },
    {
      "address": 9821,
      "soundIdx": 97,
      "instrumentIdx": 1
    },
    {
      "address": 9826,
      "soundIdx": 97,
      "instrumentIdx": 2
    },
    {
      "address": 9615,
      "soundIdx": 97,
      "instrumentIdx": 5
    },
    {
      "address": 9831,
      "soundIdx": 98,
      "instrumentIdx": 0
    },
    {
      "address": 10039,
      "soundIdx": 98,
      "instrumentIdx": 1
    },
    {
      "address": 10104,
      "soundIdx": 98,
      "instrumentIdx": 2
    },
    {
      "address": 10139,
      "soundIdx": 98,
      "instrumentIdx": 5
    },
    {
      "address": 1886,
      "soundIdx": 99,
      "instrumentIdx": 0
    },
    {
      "address": 1927,
      "soundIdx": 99,
      "instrumentIdx": 1
    },
    {
      "address": 1973,
      "soundIdx": 99,
      "instrumentIdx": 2
    },
    {
      "address": 2022,
      "soundIdx": 99,
      "instrumentIdx": 5
    },
    {
      "address": 7122,
      "soundIdx": 100,
      "instrumentIdx": 0
    },
    {
      "address": 7217,
      "soundIdx": 100,
      "instrumentIdx": 1
    },
    {
      "address": 7285,
      "soundIdx": 100,
      "instrumentIdx": 2
    },
    {
      "address": 7379,
      "soundIdx": 100,
      "instrumentIdx": 5
    },
    {
      "address": 2047,
      "soundIdx": 101,
      "instrumentIdx": 0
    },
    {
      "address": 2130,
      "soundIdx": 101,
      "instrumentIdx": 1
    },
    {
      "address": 2176,
      "soundIdx": 101,
      "instrumentIdx": 2
    },
    {
      "address": 2217,
      "soundIdx": 101,
      "instrumentIdx": 5
    },
    {
      "address": 10200,
      "soundIdx": 102,
      "instrumentIdx": 0
    },
    {
      "address": 10867,
      "soundIdx": 102,
      "instrumentIdx": 1
    },
    {
      "address": 11201,
      "soundIdx": 102,
      "instrumentIdx": 2
    },
    {
      "address": 11358,
      "soundIdx": 102,
      "instrumentIdx": 5
    },
    {
      "address": 11947,
      "soundIdx": 104,
      "instrumentIdx": 0
    },
    {
      "address": 12263,
      "soundIdx": 104,
      "instrumentIdx": 1
    },
    {
      "address": 12581,
      "soundIdx": 104,
      "instrumentIdx": 2
    },
    {
      "address": 12723,
      "soundIdx": 104,
      "instrumentIdx": 5
    },
    {
      "address": 11359,
      "soundIdx": 106,
      "instrumentIdx": 0
    },
    {
      "address": 11418,
      "soundIdx": 106,
      "instrumentIdx": 1
    },
    {
      "address": 11486,
      "soundIdx": 106,
      "instrumentIdx": 2
    },
    {
      "address": 11531,
      "soundIdx": 106,
      "instrumentIdx": 5
    },
    {
      "address": 11626,
      "soundIdx": 107,
      "instrumentIdx": 0
    },
    {
      "address": 11596,
      "soundIdx": 107,
      "instrumentIdx": 1
    },
    {
      "address": 11701,
      "soundIdx": 107,
      "instrumentIdx": 2
    },
    {
      "address": 11715,
      "soundIdx": 107,
      "instrumentIdx": 5
    },
    {
      "address": 11716,
      "soundIdx": 108,
      "instrumentIdx": 0
    },
    {
      "address": 11812,
      "soundIdx": 108,
      "instrumentIdx": 1
    },
    {
      "address": 11886,
      "soundIdx": 108,
      "instrumentIdx": 2
    },
    {
      "address": 11946,
      "soundIdx": 108,
      "instrumentIdx": 5
    }
  ]
}