{
  "0": [
    1,
    4,
    2,
    1
  ],
  "1": [
    3,
    3,
    3,
    3,
    3,
    3
  ],
  "2": [
    2,
    1,
    2,
    3,
    2
  ],
  "3": [
    3,
    2,
    2,
    2,
    3
  ],
  "4": [
    3,
    3,
    3
  ],
  "5": [
    1,
    1,
    2,
    2
  ],
  "6": [
    2,
    1,
    3
  ],
  "7": [
    2,
    1,
    1,
    1,
    2,
    2,
    1
  ],
  "8": [
    2,
    1,
    2,
    1,
    1
  ],
  "9": [
    2,
    3
  ],
  "10": [
    2,
    1,
    1,
    2,
    3,
    2,
    3
  ],
  "11": [
    2,
    2,
    3
  ],
  "12": [
    2,
    2,
    1
  ],
  "13": [
    3,
    3,
    3,
    2
  ],
  "14": [
    3,
    2,
    2
  ],
  "15": [
    2,
    2,
    1
  ]
}